01K0KSNXGXSDTA3PMPJPGZR4NH,01K0HNNZ5ZH32TB2EPGAHS72DD,01K0KSG5EAHTXXP1KET5SBKC8Q,purchased,180,2025-07-20 11:32:03
01K0KSP3HR8ZPFFNB0X1M7NYX8,01K0HNNZ5ZH32TB2EPGAHS72DD,01K0KSG5EAHTXXP1KET5SBKC8Q,cancelled,180,2025-07-20 11:32:09
01K0KSPA5FFKCVW3KHGFG77VBP,01K0HNNZ5ZH32TB2EPGAHS72DD,01K0KSG5EAHTXXP1KET5SBKC8Q,purchased,180,2025-07-20 11:32:16
01K0KSPFFK7YGG6W77SH86MEX0,01K0HNNZ5ZH32TB2EPGAHS72DD,01K0KSFH08MST3CKC8JVX0X3E9,purchased,140,2025-07-20 11:32:22
01K0KSPN4D1RWNKE0TACVMMCJ3,01K0HNNZ5ZH32TB2EPGAHS72DD,01K0KSENQBATFWW1R1TTFJZC72,purchased,250,2025-07-20 11:32:27
01K0KSPT0P5722X5438FDDGH3X,01K0HNNZ5ZH32TB2EPGAHS72DD,01K0KSENQBATFWW1R1TTFJZC72,cancelled,250,2025-07-20 11:32:32
01K0KSPZGN6B5AF6CYN8KY6M4H,01K0HNNZ5ZH32TB2EPGAHS72DD,01K0KSE016HY7JG7CSZGNW27B8,purchased,100,2025-07-20 11:32:38
01K0KSQ4Q00AMS94JYQFW5ZWW1,01K0HNNZ5ZH32TB2EPGAHS72DD,01K0KSD2CCCARTERM23D6HYF9A,purchased,200,2025-07-20 11:32:43
01K0KSQ9BD1DXDQCVP9TCC1MFB,01K0HNNZ5ZH32TB2EPGAHS72DD,01K0KSCB0JW1NBBMF8BVDGH34M,purchased,150,2025-07-20 11:32:48
01K0KSQDJHTCSWGP51W3AST5X7,01K0HNNZ5ZH32TB2EPGAHS72DD,01K0KSCB0JW1NBBMF8BVDGH34M,purchased,150,2025-07-20 11:32:52
01K0KSQHJ3Y2J8MB2D32GPXT9N,01K0HNNZ5ZH32TB2EPGAHS72DD,01K0KSCB0JW1NBBMF8BVDGH34M,cancelled,150,2025-07-20 11:32:57
01K0KSQR249CPV2N1QACMWN2BY,01K0HNNZ5ZH32TB2EPGAHS72DD,01K0KSGSRV1BVW4MPG3A5R0K27,purchased,300,2025-07-20 11:33:03
01K0KSQYJEJ0TQ70BPE03JJ4VS,01K0HNNZ5ZH32TB2EPGAHS72DD,01K0KSGSRV1BVW4MPG3A5R0K27,purchased,300,2025-07-20 11:33:10
01K0KSR2G7W9DTDZYD00WWM6EJ,01K0HNNZ5ZH32TB2EPGAHS72DD,01K0KSGSRV1BVW4MPG3A5R0K27,cancelled,300,2025-07-20 11:33:14
01K0KSR736WN5TSSTSRY9GBQTX,01K0HNNZ5ZH32TB2EPGAHS72DD,01K0KSHAA5Z9XRD73VVWWX1F04,purchased,220,2025-07-20 11:33:19
01K0KSRCM4VJTYFPPF9VWCWAPZ,01K0HNNZ5ZH32TB2EPGAHS72DD,01K0KSHWRTKBHC6DA6CTTH69S0,purchased,325,2025-07-20 11:33:24
01K0KTBJBJWVHR1TDNC7V3J2Y4,01K0KSKXEQYA6TA5YKGPZ12FTT,01K0KSCB0JW1NBBMF8BVDGH34M,purchased,150,2025-07-20 11:43:53
01K0KTBP0MSN06DKX0E07FMQ0Y,01K0KSKXEQYA6TA5YKGPZ12FTT,01K0KSCB0JW1NBBMF8BVDGH34M,cancelled,150,2025-07-20 11:43:56
01K0KTBSTXFS5W10ZMP98R4KJZ,01K0KSKXEQYA6TA5YKGPZ12FTT,01K0KSCB0JW1NBBMF8BVDGH34M,purchased,150,2025-07-20 11:44:00
01K0KTBXY1T45HK7FERV91GPCS,01K0KSKXEQYA6TA5YKGPZ12FTT,01K0KSD2CCCARTERM23D6HYF9A,purchased,200,2025-07-20 11:44:05
01K0KTC1D4QZ1FEEQKR6YC2XG6,01K0KSKXEQYA6TA5YKGPZ12FTT,01K0KSE016HY7JG7CSZGNW27B8,purchased,100,2025-07-20 11:44:08
01K0KTC4W90Q7PPB5G04TC3A2Q,01K0KSKXEQYA6TA5YKGPZ12FTT,01K0KSE016HY7JG7CSZGNW27B8,cancelled,100,2025-07-20 11:44:12
01K0KTC8V455JME1CSE6MQPS3E,01K0KSKXEQYA6TA5YKGPZ12FTT,01K0KSE016HY7JG7CSZGNW27B8,purchased,100,2025-07-20 11:44:16
01K0KTCC8ET4KC9MM19RVM9HMX,01K0KSKXEQYA6TA5YKGPZ12FTT,01K0KSENQBATFWW1R1TTFJZC72,purchased,250,2025-07-20 11:44:19
01K0KTCFJK6BSVWFNMBDDTWZN1,01K0KSKXEQYA6TA5YKGPZ12FTT,01K0KSFH08MST3CKC8JVX0X3E9,purchased,140,2025-07-20 11:44:23
01K0KTCK1C9HDMP2FAS4E67TTQ,01K0KSKXEQYA6TA5YKGPZ12FTT,01K0KSG5EAHTXXP1KET5SBKC8Q,purchased,180,2025-07-20 11:44:26
01K0KTCPZEJR66RRSZGH1P109H,01K0KSKXEQYA6TA5YKGPZ12FTT,01K0KSGSRV1BVW4MPG3A5R0K27,purchased,300,2025-07-20 11:44:30
01K0KTCTEPMZXK6PDDQGYXK4BC,01K0KSKXEQYA6TA5YKGPZ12FTT,01K0KSGSRV1BVW4MPG3A5R0K27,cancelled,300,2025-07-20 11:44:34
01K0KTCYXNG58W1E6NHEVTC8G4,01K0KSKXEQYA6TA5YKGPZ12FTT,01K0KSGSRV1BVW4MPG3A5R0K27,purchased,300,2025-07-20 11:44:38
01K0KTD25RCW897TC99JTXE4QE,01K0KSKXEQYA6TA5YKGPZ12FTT,01K0KSHAA5Z9XRD73VVWWX1F04,purchased,220,2025-07-20 11:44:42
01K0KTD6B8V8R2CRF7A3PRY6DP,01K0KSKXEQYA6TA5YKGPZ12FTT,01K0KSHAA5Z9XRD73VVWWX1F04,purchased,220,2025-07-20 11:44:46
01K0KTDA8YCYR0QEYKM7TAMQSR,01K0KSKXEQYA6TA5YKGPZ12FTT,01K0KSHWRTKBHC6DA6CTTH69S0,purchased,325,2025-07-20 11:44:50
01K0KTDDPA4S5E7A43Q7RXBN49,01K0KSKXEQYA6TA5YKGPZ12FTT,01K0KSHWRTKBHC6DA6CTTH69S0,purchased,325,2025-07-20 11:44:53
01K0KTDK157GZAGM0PBY4FQB6R,01K0KSKXEQYA6TA5YKGPZ12FTT,01K0KSGSRV1BVW4MPG3A5R0K27,purchased,300,2025-07-20 11:44:59
01K0KTDMYM5XX9H3B6HCBZVH73,01K0KSKXEQYA6TA5YKGPZ12FTT,01K0KSE016HY7JG7CSZGNW27B8,purchased,100,2025-07-20 11:45:01
01K0KTDQV60C1NAQZ1SP8VSS2R,01K0KSKXEQYA6TA5YKGPZ12FTT,01K0KSCB0JW1NBBMF8BVDGH34M,purchased,150,2025-07-20 11:45:04
01K0KTDW1E05TTE6WTR6ZVMDSX,01K0KSKXEQYA6TA5YKGPZ12FTT,01K0KSD2CCCARTERM23D6HYF9A,purchased,200,2025-07-20 11:45:08
01K0KTFPB114B45733P9SQA6E6,01K0KSMK21QXC6NX2DZ1PNZ1JG,01K0KSCB0JW1NBBMF8BVDGH34M,purchased,150,2025-07-20 11:46:08
01K0KTFVNM896D1YHE86DT4QSQ,01K0KSMK21QXC6NX2DZ1PNZ1JG,01K0KSCB0JW1NBBMF8BVDGH34M,purchased,150,2025-07-20 11:46:13
01K0KTFZF1K51BWPP08XXZB7YP,01K0KSMK21QXC6NX2DZ1PNZ1JG,01K0KSCB0JW1NBBMF8BVDGH34M,cancelled,150,2025-07-20 11:46:17
01K0KTG38ETTFFXA6C4GQFHQXN,01K0KSMK21QXC6NX2DZ1PNZ1JG,01K0KSCB0JW1NBBMF8BVDGH34M,purchased,150,2025-07-20 11:46:21
01K0KTG7D02GD09GC2N9C3CPHH,01K0KSMK21QXC6NX2DZ1PNZ1JG,01K0KSCB0JW1NBBMF8BVDGH34M,purchased,150,2025-07-20 11:46:25
01K0KTGC2B570GNH5AMG493YGQ,01K0KSMK21QXC6NX2DZ1PNZ1JG,01K0KSCB0JW1NBBMF8BVDGH34M,cancelled,150,2025-07-20 11:46:30
01K0KTGFW0XJXFHKEFGRBEBTR4,01K0KSMK21QXC6NX2DZ1PNZ1JG,01K0KSD2CCCARTERM23D6HYF9A,cancelled,200,2025-07-20 11:46:34
01K0KTGKCZG2ZZZPQ3K8PZ4R2N,01K0KSMK21QXC6NX2DZ1PNZ1JG,01K0KSD2CCCARTERM23D6HYF9A,purchased,200,2025-07-20 11:46:38
01K0KTGPPSFHKQ26MMDWZVDJDP,01K0KSMK21QXC6NX2DZ1PNZ1JG,01K0KSE016HY7JG7CSZGNW27B8,purchased,100,2025-07-20 11:46:41
01K0KTGT2Y8WWSSTYMG300DW6C,01K0KSMK21QXC6NX2DZ1PNZ1JG,01K0KSENQBATFWW1R1TTFJZC72,purchased,250,2025-07-20 11:46:44
01K0KTGXE6ETWF7C5Q8D6K6P4E,01K0KSMK21QXC6NX2DZ1PNZ1JG,01K0KSFH08MST3CKC8JVX0X3E9,purchased,140,2025-07-20 11:46:48
01K0KTH0JWJ0QH2G8KGGNA3W62,01K0KSMK21QXC6NX2DZ1PNZ1JG,01K0KSG5EAHTXXP1KET5SBKC8Q,purchased,180,2025-07-20 11:46:51
01K0KTH414WPZN11ZQ628X5K72,01K0KSMK21QXC6NX2DZ1PNZ1JG,01K0KSGSRV1BVW4MPG3A5R0K27,purchased,300,2025-07-20 11:46:55
01K0KTH8XZZ5K0HB82F0CJJWWD,01K0KSMK21QXC6NX2DZ1PNZ1JG,01K0KSGSRV1BVW4MPG3A5R0K27,purchased,300,2025-07-20 11:47:00
01K0KTHABNSA11A8FMV6VQK6JA,01K0KSMK21QXC6NX2DZ1PNZ1JG,01K0KSGSRV1BVW4MPG3A5R0K27,cancelled,300,2025-07-20 11:47:01
01K0KTHCZT4XYYT9WF3FCC58AG,01K0KSMK21QXC6NX2DZ1PNZ1JG,01K0KSGSRV1BVW4MPG3A5R0K27,purchased,300,2025-07-20 11:47:04
01K0KTHV8F4RCCZ9V6GJGFBAGR,01K0KSMK21QXC6NX2DZ1PNZ1JG,01K0KSGSRV1BVW4MPG3A5R0K27,purchased,300,2025-07-20 11:47:18
01K0KTHYJRF7Y71TRSRA69KJE3,01K0KSMK21QXC6NX2DZ1PNZ1JG,01K0KSHAA5Z9XRD73VVWWX1F04,purchased,220,2025-07-20 11:47:22
01K0KTJ23D2QFT7P5FH86EHEDW,01K0KSMK21QXC6NX2DZ1PNZ1JG,01K0KSHWRTKBHC6DA6CTTH69S0,purchased,325,2025-07-20 11:47:25
